선거년도,선거명,정당,기호,면동,투표자수,득표수,득표율
2018,시의원,민주당,1-가,장평동,9180,1962,21.37%
2018,시의원,민주당,1-나,장평동,9180,1401,15.26%
2018,시의원,민주당,1-다,장평동,9180,789,8.59%
2018,시의원,국민의힘,2-가,장평동,9180,1195,13.02%
2018,시의원,국민의힘,2-나,장평동,9180,486,5.29%
2018,시의원,국민의힘,2-다,장평동,9180,850,9.26%
2018,시의원,정의당,3,장평동,9180,304,3.31%
2018,시의원,민주당,1-가,고현동,16573,2933,17.70%
2018,시의원,민주당,1-나,고현동,16573,2226,13.43%
2018,시의원,민주당,1-다,고현동,16573,1834,11.07%
2018,시의원,국민의힘,2-가,고현동,16573,1570,9.47%
2018,시의원,국민의힘,2-나,고현동,16573,1101,6.64%
2018,시의원,국민의힘,2-다,고현동,16573,2271,13.70%
2018,시의원,정의당,3,고현동,16573,591,3.57%
2018,시의원,민주당,1-가,상문동,12603,2367,18.78%
2018,시의원,민주당,1-나,상문동,12603,2027,16.08%
2018,시의원,민주당,1-다,상문동,12603,1888,14.98%
2018,시의원,국민의힘,2-가,상문동,12603,740,5.87%
2018,시의원,국민의힘,2-나,상문동,12603,577,4.58%
2018,시의원,국민의힘,2-다,상문동,12603,1336,10.60%
2018,시의원,정의당,3,상문동,12603,661,5.24%
2018,시의원,민주당,1-가,연초면,3997,834,20.87%
2018,시의원,민주당,1-나,연초면,3997,581,14.54%
2018,시의원,국민의힘,2-가,연초면,3997,412,10.31%
2018,시의원,국민의힘,2-나,연초면,3997,1062,26.57%
2018,시의원,바른미래당,3,연초면,3997,239,5.98%
2018,시의원,민주당,1-가,하청면,2681,424,15.81%
2018,시의원,민주당,1-나,하청면,2681,209,7.80%
2018,시의원,국민의힘,2-가,하청면,2681,347,12.94%
2018,시의원,국민의힘,2-나,하청면,2681,716,26.71%
2018,시의원,바른미래당,3,하청면,2681,204,7.61%
2018,시의원,민주당,1-가,장목면,2577,346,13.43%
2018,시의원,민주당,1-나,장목면,2577,189,7.33%
2018,시의원,국민의힘,2-가,장목면,2577,333,12.92%
2018,시의원,국민의힘,2-나,장목면,2577,1059,41.09%
2018,시의원,바른미래당,3,장목면,2577,82,3.18%
2018,시의원,민주당,1-가,수양동,8990,2357,26.22%
2018,시의원,민주당,1-나,수양동,8990,1130,12.57%
2018,시의원,국민의힘,2-가,수양동,8990,982,10.92%
2018,시의원,국민의힘,2-나,수양동,8990,766,8.52%
2018,시의원,바른미래당,3,수양동,8990,1458,16.22%
2018,시의원,민주당,1-가,옥포1동,3798,1300,34.23%
2018,시의원,국민의힘,2-가,옥포1동,3798,944,24.86%
2018,시의원,정의당,3,옥포1동,3798,668,17.59%
2018,시의원,노동당,4,옥포1동,3798,537,14.14%
2018,시의원,민주당,1-가,옥포2동,11366,3862,33.98%
2018,시의원,국민의힘,2-가,옥포2동,11366,2396,21.08%
2018,시의원,정의당,3,옥포2동,11366,2309,20.31%
2018,시의원,노동당,4,옥포2동,11366,2017,17.75%
2018,시의원,민주당,1-가,일운면,3293,1173,35.62%
2018,시의원,민주당,1-나,일운면,3293,219,6.65%
2018,시의원,민주당,1-다,일운면,3293,97,2.95%
2018,시의원,국민의힘,2-가,일운면,3293,1414,42.94%
2018,시의원,국민의힘,2-나,일운면,3293,60,1.82%
2018,시의원,국민의힘,2-다,일운면,3293,64,1.94%
2018,시의원,민주당,1-가,동부면,1856,358,19.29%
2018,시의원,민주당,1-나,동부면,1856,211,11.37%
2018,시의원,민주당,1-다,동부면,1856,216,11.64%
2018,시의원,국민의힘,2-가,동부면,1856,610,32.87%
2018,시의원,국민의힘,2-나,동부면,1856,92,4.96%
2018,시의원,국민의힘,2-다,동부면,1856,227,12.23%
2018,시의원,민주당,1-가,남부면,877,222,25.31%
2018,시의원,민주당,1-나,남부면,877,81,9.24%
2018,시의원,민주당,1-다,남부면,877,31,3.53%
2018,시의원,국민의힘,2-가,남부면,877,308,35.12%
2018,시의원,국민의힘,2-나,남부면,877,80,9.12%
2018,시의원,국민의힘,2-다,남부면,877,76,8.67%
2018,시의원,민주당,1-가,거제면,3897,760,19.50%
2018,시의원,민주당,1-나,거제면,3897,532,13.65%
2018,시의원,민주당,1-다,거제면,3897,1204,30.90%
2018,시의원,국민의힘,2-가,거제면,3897,634,16.27%
2018,시의원,국민의힘,2-나,거제면,3897,181,4.64%
2018,시의원,국민의힘,2-다,거제면,3897,311,7.98%
2018,시의원,민주당,1-가,둔덕면,1703,291,17.09%
2018,시의원,민주당,1-나,둔덕면,1703,294,17.26%
2018,시의원,민주당,1-다,둔덕면,1703,116,6.81%
2018,시의원,국민의힘,2-가,둔덕면,1703,382,22.43%
2018,시의원,국민의힘,2-나,둔덕면,1703,106,6.22%
2018,시의원,국민의힘,2-다,둔덕면,1703,372,21.84%
2018,시의원,민주당,1-가,사등면,5846,828,14.16%
2018,시의원,민주당,1-나,사등면,5846,2042,34.93%
2018,시의원,민주당,1-다,사등면,5846,325,5.56%
2018,시의원,국민의힘,2-가,사등면,5846,466,7.97%
2018,시의원,국민의힘,2-나,사등면,5846,360,6.16%
2018,시의원,국민의힘,2-다,사등면,5846,1394,23.85%
2018,시의원,민주당,1-가,장승포동,3220,991,30.78%
2018,시의원,국민의힘,2-가,장승포동,3220,614,19.07%
2018,시의원,정의당,3,장승포동,3220,778,24.16%
2018,시의원,노동당,4,장승포동,3220,438,13.60%
2018,시의원,무소속,5,장승포동,3220,302,9.38%
2018,시의원,민주당,1-가,능포동,4952,1439,29.06%
2018,시의원,국민의힘,2-가,능포동,4952,960,19.39%
2018,시의원,정의당,3,능포동,4952,1184,23.91%
2018,시의원,노동당,4,능포동,4952,875,17.67%
2018,시의원,무소속,5,능포동,4952,381,7.69%
2018,시의원,민주당,1-가,아주동,10990,4839,44.03%
2018,시의원,국민의힘,2-가,아주동,10990,1289,11.73%
2018,시의원,정의당,3,아주동,10990,2173,19.77%
2018,시의원,노동당,4,아주동,10990,1412,12.85%
2018,시의원,무소속,5,아주동,10990,1131,10.29%
2018,도의원,민주당,1,장평동,9182,5318,57.92%
2018,도의원,국민의힘,2,장평동,9182,2691,29.31%
2018,도의원,민중당,3,장평동,9182,934,10.17%
2018,도의원,민주당,1,고현동,16563,8763,52.91%
2018,도의원,국민의힘,2,고현동,16563,5595,33.78%
2018,도의원,민중당,3,고현동,16563,1771,10.69%
2018,도의원,민주당,1,상문동,12598,8175,64.89%
2018,도의원,국민의힘,2,상문동,12598,3059,24.28%
2018,도의원,민중당,3,상문동,12598,1131,8.98%
2018,도의원,민주당,1,연초면,3997,1489,37.25%
2018,도의원,국민의힘,2,연초면,3997,1508,37.73%
2018,도의원,무소속,3,연초면,3997,857,21.44%
2018,도의원,민주당,1,하청면,2681,787,29.35%
2018,도의원,국민의힘,2,하청면,2681,1254,46.77%
2018,도의원,무소속,3,하청면,2681,560,20.89%
2018,도의원,민주당,1,장목면,2578,570,22.11%
2018,도의원,국민의힘,2,장목면,2578,1458,56.56%
2018,도의원,무소속,3,장목면,2578,426,16.52%
2018,도의원,민주당,1,옥포1동,3798,1635,43.05%
2018,도의원,국민의힘,2,옥포1동,3798,1036,27.28%
2018,도의원,무소속,3,옥포1동,3798,1029,27.09%
2018,도의원,민주당,1,옥포2동,11369,5295,46.57%
2018,도의원,국민의힘,2,옥포2동,11369,2636,23.19%
2018,도의원,무소속,3,옥포2동,11369,3190,28.06%
2018,도의원,민주당,1,수양동,8990,4705,52.34%
2018,도의원,국민의힘,2,수양동,8990,2275,25.31%
2018,도의원,무소속,3,수양동,8990,1815,20.19%
2018,도의원,민주당,1,일운면,3297,1471,44.62%
2018,도의원,국민의힘,2,일운면,3297,1377,41.77%
2018,도의원,민중당,3,일운면,3297,297,9.01%
2018,도의원,민주당,1,동부면,1858,634,34.12%
2018,도의원,국민의힘,2,동부면,1858,1010,54.36%
2018,도의원,민중당,3,동부면,1858,137,7.37%
2018,도의원,민주당,1,남부면,878,266,30.30%
2018,도의원,국민의힘,2,남부면,878,536,61.05%
2018,도의원,민중당,3,남부면,878,42,4.78%
2018,도의원,민주당,1,거제면,3899,1525,39.11%
2018,도의원,국민의힘,2,거제면,3899,1777,45.58%
2018,도의원,민중당,3,거제면,3899,471,12.08%
2018,도의원,민주당,1,둔덕면,1704,545,31.98%
2018,도의원,국민의힘,2,둔덕면,1704,956,56.10%
2018,도의원,민중당,3,둔덕면,1704,125,7.34%
2018,도의원,민주당,1,사등면,5850,2363,40.39%
2018,도의원,국민의힘,2,사등면,5850,2404,41.09%
2018,도의원,민중당,3,사등면,5850,918,15.69%
2018,도의원,민주당,1,장승포동,3218,1420,44.13%
2018,도의원,국민의힘,2,장승포동,3218,1119,34.77%
2018,도의원,민중당,3,장승포동,3218,575,17.87%
2018,도의원,민주당,1,능포동,4956,2143,43.24%
2018,도의원,국민의힘,2,능포동,4956,1577,31.82%
2018,도의원,민중당,3,능포동,4956,1127,22.74%
2018,도의원,민주당,1,아주동,10990,6290,57.23%
2018,도의원,국민의힘,2,아주동,10990,1703,15.50%
2018,도의원,민중당,3,아주동,10990,2852,25.95%
2018,거제시장,민주당,1,일운면,3296,1748,53.03%
2018,거제시장,국민의힘,2,일운면,3296,1420,43.08%
2018,거제시장,민주당,1,동부면,1858,553,29.76%
2018,거제시장,국민의힘,2,동부면,1858,1135,61.09%
2018,거제시장,민주당,1,남부면,878,248,28.25%
2018,거제시장,국민의힘,2,남부면,878,581,66.17%
2018,거제시장,민주당,1,거제면,3900,1458,37.38%
2018,거제시장,국민의힘,2,거제면,3900,2232,57.23%
2018,거제시장,민주당,1,둔덕면,1704,467,27.41%
2018,거제시장,국민의힘,2,둔덕면,1704,1142,67.02%
2018,거제시장,민주당,1,사등면,5854,2295,39.20%
2018,거제시장,국민의힘,2,사등면,5854,3321,56.73%
2018,거제시장,민주당,1,연초면,3996,1497,37.46%
2018,거제시장,국민의힘,2,연초면,3996,2328,58.26%
2018,거제시장,민주당,1,하청면,2681,807,30.10%
2018,거제시장,국민의힘,2,하청면,2681,1735,64.71%
2018,거제시장,민주당,1,장목면,2580,631,24.46%
2018,거제시장,국민의힘,2,장목면,2580,1774,68.76%
2018,거제시장,민주당,1,장승포동,3220,1670,51.86%
2018,거제시장,국민의힘,2,장승포동,3220,1390,43.17%
2018,거제시장,민주당,1,능포동,4956,2733,55.15%
2018,거제시장,국민의힘,2,능포동,4956,1987,40.09%
2018,거제시장,민주당,1,아주동,10991,7512,68.35%
2018,거제시장,국민의힘,2,아주동,10991,3113,28.32%
2018,거제시장,민주당,1,옥포1동,3800,2035,53.55%
2018,거제시장,국민의힘,2,옥포1동,3800,1604,42.21%
2018,거제시장,민주당,1,옥포2동,11374,6550,57.59%
2018,거제시장,국민의힘,2,옥포2동,11374,4364,38.37%
2018,거제시장,민주당,1,장평동,9182,4754,51.78%
2018,거제시장,국민의힘,2,장평동,9182,4111,44.77%
2018,거제시장,민주당,1,고현동,16570,7521,45.39%
2018,거제시장,국민의힘,2,고현동,16570,8504,51.32%
2018,거제시장,민주당,1,상문동,12587,7169,56.96%
2018,거제시장,국민의힘,2,상문동,12587,5014,39.83%
2018,거제시장,민주당,1,수양동,8992,4873,54.19%
2018,거제시장,국민의힘,2,수양동,8992,3873,43.07%
2020,국회의원,민주당,1,일운면,4063,1324,32.59%
2020,국회의원,국민의힘,2,일운면,4063,2350,57.84%
2020,국회의원,민주당,1,동부면,1918,490,25.55%
2020,국회의원,국민의힘,2,동부면,1918,1295,67.52%
2020,국회의원,민주당,1,남부면,952,224,23.53%
2020,국회의원,국민의힘,2,남부면,952,668,70.17%
2020,국회의원,민주당,1,거제면,4337,1501,34.61%
2020,국회의원,국민의힘,2,거제면,4337,2490,57.41%
2020,국회의원,민주당,1,둔덕면,1934,484,25.03%
2020,국회의원,국민의힘,2,둔덕면,1934,1311,67.79%
2020,국회의원,민주당,1,사등면,6366,1884,29.59%
2020,국회의원,국민의힘,2,사등면,6366,3969,62.35%
2020,국회의원,민주당,1,연초면,4530,1313,28.98%
2020,국회의원,국민의힘,2,연초면,4530,2770,61.15%
2020,국회의원,민주당,1,하청면,2792,628,22.49%
2020,국회의원,국민의힘,2,하청면,2792,1952,69.91%
2020,국회의원,민주당,1,장목면,2677,434,16.21%
2020,국회의원,국민의힘,2,장목면,2677,1956,73.07%
2020,국회의원,민주당,1,장승포동,3383,1208,35.71%
2020,국회의원,국민의힘,2,장승포동,3383,1687,49.87%
2020,국회의원,민주당,1,능포동,5121,1927,37.63%
2020,국회의원,국민의힘,2,능포동,5121,2477,48.37%
2020,국회의원,민주당,1,아주동,12369,5980,48.35%
2020,국회의원,국민의힘,2,아주동,12369,4439,35.89%
2020,국회의원,민주당,1,옥포1동,4265,1671,39.18%
2020,국회의원,국민의힘,2,옥포1동,4265,2018,47.32%
2020,국회의원,민주당,1,옥포2동,12280,4851,39.50%
2020,국회의원,국민의힘,2,옥포2동,12280,5443,44.32%
2020,국회의원,민주당,1,장평동,10476,4162,39.73%
2020,국회의원,국민의힘,2,장평동,10476,5117,48.84%
2020,국회의원,민주당,1,고현동,17725,6101,34.42%
2020,국회의원,국민의힘,2,고현동,17725,9806,55.32%
2020,국회의원,민주당,1,상문동,15015,6246,41.60%
2020,국회의원,국민의힘,2,상문동,15015,6886,45.86%
2020,국회의원,민주당,1,수양동,11600,4862,41.91%
2020,국회의원,국민의힘,2,수양동,11600,5467,47.13%
2022,대통령,민주당,1,일운면,4755,1907,40.11%
2022,대통령,국민의힘,2,일운면,4755,2584,54.34%
2022,대통령,민주당,1,동부면,2148,633,29.47%
2022,대통령,국민의힘,2,동부면,2148,1426,66.39%
2022,대통령,민주당,1,남부면,1001,273,27.27%
2022,대통령,국민의힘,2,남부면,1001,689,68.83%
2022,대통령,민주당,1,거제면,4629,1634,35.30%
2022,대통령,국민의힘,2,거제면,4629,2760,59.62%
2022,대통령,민주당,1,둔덕면,1983,544,27.43%
2022,대통령,국민의힘,2,둔덕면,1983,1339,67.52%
2022,대통령,민주당,1,사등면,6635,2274,34.27%
2022,대통령,국민의힘,2,사등면,6635,3940,59.38%
2022,대통령,민주당,1,연초면,4718,1787,37.88%
2022,대통령,국민의힘,2,연초면,4718,2615,55.43%
2022,대통령,민주당,1,하청면,2934,913,31.12%
2022,대통령,국민의힘,2,하청면,2934,1869,63.70%
2022,대통령,민주당,1,장목면,2800,666,23.79%
2022,대통령,국민의힘,2,장목면,2800,2001,71.46%
2022,대통령,민주당,1,장승포동,3685,1668,45.26%
2022,대통령,국민의힘,2,장승포동,3685,1767,47.95%
2022,대통령,민주당,1,능포동,5239,2477,47.28%
2022,대통령,국민의힘,2,능포동,5239,2440,46.57%
2022,대통령,민주당,1,아주동,12931,7287,56.35%
2022,대통령,국민의힘,2,아주동,12931,4711,36.43%
2022,대통령,민주당,1,옥포1동,5251,2456,46.77%
2022,대통령,국민의힘,2,옥포1동,5251,2484,47.31%
2022,대통령,민주당,1,옥포2동,13029,6215,47.70%
2022,대통령,국민의힘,2,옥포2동,13029,5940,45.59%
2022,대통령,민주당,1,장평동,11781,5236,44.44%
2022,대통령,국민의힘,2,장평동,11781,5768,48.96%
2022,대통령,민주당,1,고현동,18436,7602,41.23%
2022,대통령,국민의힘,2,고현동,18436,9688,52.55%
2022,대통령,민주당,1,상문동,15824,7982,50.44%
2022,대통령,국민의힘,2,상문동,15824,6803,42.99%
2022,대통령,민주당,1,수양동,12540,6110,48.72%
2022,대통령,국민의힘,2,수양동,12540,5723,45.64%
2022,시의원,민주당,1-가,동부면,1641,512,31.20%
2022,시의원,민주당,1-나,동부면,1641,104,6.34%
2022,시의원,국민의힘,2-가,동부면,1641,703,42.84%
2022,시의원,무소속,3,동부면,1641,129,7.86%
2022,시의원,무소속,4,동부면,1641,122,7.43%
2022,시의원,민주당,1-가,남부면,787,244,31.00%
2022,시의원,민주당,1-나,남부면,787,52,6.61%
2022,시의원,국민의힘,2-가,남부면,787,331,42.06%
2022,시의원,무소속,3,남부면,787,108,13.72%
2022,시의원,무소속,4,남부면,787,27,3.43%
2022,시의원,민주당,1-가,거제면,3380,1042,30.83%
2022,시의원,민주당,1-나,거제면,3380,369,10.92%
2022,시의원,국민의힘,2-가,거제면,3380,1336,39.53%
2022,시의원,무소속,3,거제면,3380,309,9.14%
2022,시의원,무소속,4,거제면,3380,200,5.92%
2022,시의원,민주당,1-가,둔덕면,1489,264,17.73%
2022,시의원,민주당,1-나,둔덕면,1489,106,7.12%
2022,시의원,국민의힘,2-가,둔덕면,1489,659,44.26%
2022,시의원,무소속,3,둔덕면,1489,195,13.10%
2022,시의원,무소속,4,둔덕면,1489,209,14.04%
2022,시의원,민주당,1-가,사등면,4860,652,13.42%
2022,시의원,민주당,1-나,사등면,4860,858,17.65%
2022,시의원,국민의힘,2-가,사등면,4860,1624,33.42%
2022,시의원,무소속,3,사등면,4860,702,14.44%
2022,시의원,무소속,4,사등면,4860,882,18.15%
2022,시의원,민주당,1-가,일운면,3570,730,20.45%
2022,시의원,민주당,1-나,일운면,3570,363,10.17%
2022,시의원,국민의힘,2-가,일운면,3570,1973,55.27%
2022,시의원,국민의힘,2-나,일운면,3570,228,6.39%
2022,시의원,정의당,3,일운면,3570,86,2.41%
2022,시의원,민주당,1-가,장승포동,2369,643,27.14%
2022,시의원,민주당,1-나,장승포동,2369,384,16.21%
2022,시의원,국민의힘,2-가,장승포동,2369,844,35.63%
2022,시의원,국민의힘,2-나,장승포동,2369,236,9.96%
2022,시의원,정의당,3,장승포동,2369,146,6.16%
2022,시의원,민주당,1-가,능포동,3844,976,25.39%
2022,시의원,민주당,1-나,능포동,3844,741,19.28%
2022,시의원,국민의힘,2-가,능포동,3844,1329,34.57%
2022,시의원,국민의힘,2-나,능포동,3844,338,8.79%
2022,시의원,정의당,3,능포동,3844,290,7.54%
2022,시의원,민주당,1-가,상문동,10514,4394,41.79%
2022,시의원,민주당,1-나,상문동,10514,1247,11.86%
2022,시의원,국민의힘,2-가,상문동,10514,2543,24.19%
2022,시의원,국민의힘,2-나,상문동,10514,1343,12.77%
2022,시의원,정의당,3,상문동,10514,609,5.79%
2022,시의원,민주당,1-가,연초면,2995,579,19.33%
2022,시의원,국민의힘,2-가,연초면,2995,654,21.84%
2022,시의원,국민의힘,2-나,연초면,2995,362,12.09%
2022,시의원,국민의힘,2-다,연초면,2995,738,24.64%
2022,시의원,노동당,3,연초면,2995,114,3.81%
2022,시의원,민주당,1-가,하청면,2114,277,13.10%
2022,시의원,국민의힘,2-가,하청면,2114,498,23.56%
2022,시의원,국민의힘,2-나,하청면,2114,523,24.74%
2022,시의원,국민의힘,2-다,하청면,2114,353,16.70%
2022,시의원,노동당,3,하청면,2114,38,1.80%
2022,시의원,민주당,1-가,장목면,2116,199,9.40%
2022,시의원,국민의힘,2-가,장목면,2116,533,25.19%
2022,시의원,국민의힘,2-나,장목면,2116,300,14.18%
2022,시의원,국민의힘,2-다,장목면,2116,478,22.59%
2022,시의원,노동당,3,장목면,2116,41,1.94%
2022,시의원,민주당,1-가,옥포1동,3241,1034,31.90%
2022,시의원,국민의힘,2-가,옥포1동,3241,848,26.16%
2022,시의원,국민의힘,2-나,옥포1동,3241,263,8.11%
2022,시의원,국민의힘,2-다,옥포1동,3241,306,9.44%
2022,시의원,노동당,3,옥포1동,3241,248,7.65%
2022,시의원,민주당,1-가,옥포2동,9059,2759,30.46%
2022,시의원,국민의힘,2-가,옥포2동,9059,2071,22.86%
2022,시의원,국민의힘,2-나,옥포2동,9059,823,9.08%
2022,시의원,국민의힘,2-다,옥포2동,9059,981,10.83%
2022,시의원,노동당,3,옥포2동,9059,947,10.45%
2022,시의원,민주당,1-가,아주동,8188,3683,44.98%
2022,시의원,국민의힘,2-가,아주동,8188,2484,30.34%
2022,시의원,정의당,3,아주동,8188,1813,22.14%
2022,시의원,민주당,1-가,장평동,7370,909,12.33%
2022,시의원,민주당,1-나,장평동,7370,960,13.03%
2022,시의원,민주당,1-다,장평동,7370,778,10.56%
2022,시의원,국민의힘,2-가,장평동,7370,1439,19.53%
2022,시의원,국민의힘,2-나,장평동,7370,410,5.56%
2022,시의원,국민의힘,2-다,장평동,7370,345,4.68%
2022,시의원,국민의힘,2-라,장평동,7370,758,10.28%
2022,시의원,민주당,1-가,고현동,12277,1731,14.10%
2022,시의원,민주당,1-나,고현동,12277,1304,10.62%
2022,시의원,민주당,1-다,고현동,12277,1385,11.28%
2022,시의원,국민의힘,2-가,고현동,12277,2738,22.30%
2022,시의원,국민의힘,2-나,고현동,12277,712,5.80%
2022,시의원,국민의힘,2-다,고현동,12277,727,5.92%
2022,시의원,국민의힘,2-라,고현동,12277,1681,13.69%
2022,시의원,민주당,1-가,수양동,8899,1778,19.98%
2022,시의원,민주당,1-나,수양동,8899,1059,11.90%
2022,시의원,민주당,1-다,수양동,8899,1053,11.83%
2022,시의원,국민의힘,2-가,수양동,8899,1683,18.91%
2022,시의원,국민의힘,2-나,수양동,8899,339,3.81%
2022,시의원,국민의힘,2-다,수양동,8899,657,7.38%
2022,시의원,국민의힘,2-라,수양동,8899,860,9.66%
2022,도의원,민주당,1,일운면,3572,1725,48.29%
2022,도의원,국민의힘,2,일운면,3572,1753,49.08%
2022,도의원,민주당,1,동부면,1642,624,38.00%
2022,도의원,국민의힘,2,동부면,1642,944,57.49%
2022,도의원,민주당,1,남부면,787,307,39.01%
2022,도의원,국민의힘,2,남부면,787,455,57.81%
2022,도의원,민주당,1,거제면,3383,1225,36.21%
2022,도의원,국민의힘,2,거제면,3383,2070,61.19%
2022,도의원,민주당,1,둔덕면,1489,447,30.02%
2022,도의원,국민의힘,2,둔덕면,1489,943,63.33%
2022,도의원,민주당,1,사등면,4860,1755,36.11%
2022,도의원,국민의힘,2,사등면,4860,2994,61.60%
2022,도의원,민주당,1,장승포동,2368,1087,45.90%
2022,도의원,국민의힘,2,장승포동,2368,1241,52.41%
2022,도의원,민주당,1,능포동,3843,1787,46.50%
2022,도의원,국민의힘,2,능포동,3843,2005,52.17%
2022,도의원,민주당,1,상문동,10510,5513,52.45%
2022,도의원,국민의힘,2,상문동,10510,4828,45.94%
2022,도의원,민주당,1,연초면,2995,1012,33.79%
2022,도의원,국민의힘,2,연초면,2995,1903,63.54%
2022,도의원,민주당,1,하청면,2136,552,25.84%
2022,도의원,국민의힘,2,하청면,2136,1491,69.80%
2022,도의원,민주당,1,장목면,2115,429,20.28%
2022,도의원,국민의힘,2,장목면,2115,1566,74.04%
2022,도의원,민주당,1,아주동,8193,4610,56.27%
2022,도의원,국민의힘,2,아주동,8193,3390,41.38%
2022,도의원,민주당,1,옥포1동,3240,1407,43.43%
2022,도의원,국민의힘,2,옥포1동,3240,1762,54.38%
2022,도의원,민주당,1,옥포2동,9057,3996,44.12%
2022,도의원,국민의힘,2,옥포2동,9057,4882,53.90%
2022,도의원,민주당,1,장평동,7366,3314,44.99%
2022,도의원,국민의힘,2,장평동,7366,3887,52.77%
2022,도의원,민주당,1,고현동,12276,5254,42.80%
2022,도의원,국민의힘,2,고현동,12276,6766,55.12%
2022,도의원,민주당,1,수양동,8898,4592,51.61%
2022,도의원,국민의힘,2,수양동,8898,4159,46.74%
2022,거제시장,민주당,1,일운면,3573,2094,58.61%
2022,거제시장,국민의힘,2,일운면,3573,1215,34.01%
2022,거제시장,민주당,1,동부면,1642,487,29.66%
2022,거제시장,국민의힘,2,동부면,1642,971,59.14%
2022,거제시장,민주당,1,남부면,787,240,30.50%
2022,거제시장,국민의힘,2,남부면,787,461,58.58%
2022,거제시장,민주당,1,거제면,3383,1186,35.06%
2022,거제시장,국민의힘,2,거제면,3383,1832,54.15%
2022,거제시장,민주당,1,둔덕면,1489,361,24.24%
2022,거제시장,국민의힘,2,둔덕면,1489,951,63.87%
2022,거제시장,민주당,1,사등면,4861,1539,31.66%
2022,거제시장,국민의힘,2,사등면,4861,2688,55.30%
2022,거제시장,민주당,1,연초면,2996,1003,33.48%
2022,거제시장,국민의힘,2,연초면,2996,1698,56.68%
2022,거제시장,민주당,1,하청면,2133,572,26.82%
2022,거제시장,국민의힘,2,하청면,2133,1289,60.43%
2022,거제시장,민주당,1,장목면,2114,485,22.94%
2022,거제시장,국민의힘,2,장목면,2114,1145,54.16%
2022,거제시장,민주당,1,장승포동,2369,1095,46.22%
2022,거제시장,국민의힘,2,장승포동,2369,1043,44.03%
2022,거제시장,민주당,1,능포동,3844,1797,46.75%
2022,거제시장,국민의힘,2,능포동,3844,1715,44.61%
2022,거제시장,민주당,1,아주동,8196,4731,57.72%
2022,거제시장,국민의힘,2,아주동,8196,2778,33.89%
2022,거제시장,민주당,1,옥포1동,3239,1451,44.80%
2022,거제시장,국민의힘,2,옥포1동,3239,1464,45.20%
2022,거제시장,민주당,1,옥포2동,9059,4175,46.09%
2022,거제시장,국민의힘,2,옥포2동,9059,4001,44.17%
2022,거제시장,민주당,1,장평동,7365,3259,44.25%
2022,거제시장,국민의힘,2,장평동,7365,3405,46.23%
2022,거제시장,민주당,1,고현동,12273,5100,41.55%
2022,거제시장,국민의힘,2,고현동,12273,5949,48.47%
2022,거제시장,민주당,1,상문동,10512,5422,51.58%
2022,거제시장,국민의힘,2,상문동,10512,4114,39.14%
2022,거제시장,민주당,1,수양동,8899,4466,50.19%
2022,거제시장,국민의힘,2,수양동,8899,3563,40.04%
2024,국회의원,민주당,1,일운면,4649,2289,49.24%
2024,국회의원,국민의힘,2,일운면,4649,2272,48.87%
2024,국회의원,민주당,1,동부면,2021,574,28.40%
2024,국회의원,국민의힘,2,동부면,2021,1391,68.83%
2024,국회의원,민주당,1,남부면,955,267,27.96%
2024,국회의원,국민의힘,2,남부면,955,657,68.80%
2024,국회의원,민주당,1,거제면,4455,1546,34.70%
2024,국회의원,국민의힘,2,거제면,4455,2763,62.02%
2024,국회의원,민주당,1,둔덕면,1833,481,26.24%
2024,국회의원,국민의힘,2,둔덕면,1833,1299,70.87%
2024,국회의원,민주당,1,사등면,5752,1979,34.41%
2024,국회의원,국민의힘,2,사등면,5752,3628,63.07%
2024,국회의원,민주당,1,연초면,4454,1609,36.12%
2024,국회의원,국민의힘,2,연초면,4454,2735,61.41%
2024,국회의원,민주당,1,하청면,2701,740,27.40%
2024,국회의원,국민의힘,2,하청면,2701,1894,70.12%
2024,국회의원,민주당,1,장목면,2520,592,23.49%
2024,국회의원,국민의힘,2,장목면,2520,1874,74.37%
2024,국회의원,민주당,1,장승포동,3308,1596,48.25%
2024,국회의원,국민의힘,2,장승포동,3308,1604,48.49%
2024,국회의원,민주당,1,능포동,4800,2303,47.98%
2024,국회의원,국민의힘,2,능포동,4800,2350,48.96%
2024,국회의원,민주당,1,아주동,11179,6628,59.29%
2024,국회의원,국민의힘,2,아주동,11179,4272,38.21%
2024,국회의원,민주당,1,옥포1동,4259,2108,49.50%
2024,국회의원,국민의힘,2,옥포1동,4259,2047,48.06%
2024,국회의원,민주당,1,옥포2동,11725,5846,49.86%
2024,국회의원,국민의힘,2,옥포2동,11725,5540,47.25%
2024,국회의원,민주당,1,장평동,10772,5208,48.35%
2024,국회의원,국민의힘,2,장평동,10772,5217,48.43%
2024,국회의원,민주당,1,고현동,17449,7365,42.21%
2024,국회의원,국민의힘,2,고현동,17449,9626,55.17%
2024,국회의원,민주당,1,상문동,14549,7552,51.91%
2024,국회의원,국민의힘,2,상문동,14549,6637,45.62%
2024,국회의원,민주당,1,수양동,11711,5876,50.18%
2024,국회의원,국민의힘,2,수양동,11711,5519,47.13%
2025,거제시장,민주당,1,일운면,3841,2476,64.46%
2025,거제시장,국민의힘,2,일운면,3841,1264,32.91%
2025,거제시장,무소속,3,일운면,3841,74,1.93%
2025,거제시장,무소속,4,일운면,3841,12,0.31%
2025,거제시장,민주당,1,동부면,1712,696,40.65%
2025,거제시장,국민의힘,2,동부면,1712,958,55.96%
2025,거제시장,무소속,3,동부면,1712,42,2.45%
2025,거제시장,무소속,4,동부면,1712,4,0.23%
2025,거제시장,민주당,1,남부면,730,253,34.66%
2025,거제시장,국민의힘,2,남부면,730,446,61.10%
2025,거제시장,무소속,3,남부면,730,26,3.56%
2025,거제시장,무소속,4,남부면,730,1,0.14%
2025,거제시장,민주당,1,거제면,3438,1509,43.89%
2025,거제시장,국민의힘,2,거제면,3438,1788,52.01%
2025,거제시장,무소속,3,거제면,3438,101,2.94%
2025,거제시장,무소속,4,거제면,3438,24,0.70%
2025,거제시장,민주당,1,둔덕면,1437,500,34.79%
2025,거제시장,국민의힘,2,둔덕면,1437,889,61.86%
2025,거제시장,무소속,3,둔덕면,1437,30,2.09%
2025,거제시장,무소속,4,둔덕면,1437,12,0.84%
2025,거제시장,민주당,1,사등면,4437,1901,42.84%
2025,거제시장,국민의힘,2,사등면,4437,2360,53.19%
2025,거제시장,무소속,3,사등면,4437,129,2.91%
2025,거제시장,무소속,4,사등면,4437,21,0.47%
2025,거제시장,민주당,1,연초면,3325,1585,47.67%
2025,거제시장,국민의힘,2,연초면,3325,1608,48.36%
2025,거제시장,무소속,3,연초면,3325,113,3.40%
2025,거제시장,무소속,4,연초면,3325,9,0.27%
2025,거제시장,민주당,1,하청면,2149,776,36.11%
2025,거제시장,국민의힘,2,하청면,2149,1220,56.77%
2025,거제시장,무소속,3,하청면,2149,132,6.14%
2025,거제시장,무소속,4,하청면,2149,11,0.51%
2025,거제시장,민주당,1,장목면,1956,682,34.87%
2025,거제시장,국민의힘,2,장목면,1956,1205,61.61%
2025,거제시장,무소속,3,장목면,1956,56,2.86%
2025,거제시장,무소속,4,장목면,1956,5,0.26%
2025,거제시장,민주당,1,장승포동,2450,1426,58.20%
2025,거제시장,국민의힘,2,장승포동,2450,834,34.04%
2025,거제시장,무소속,3,장승포동,2450,171,6.98%
2025,거제시장,무소속,4,장승포동,2450,13,0.53%
2025,거제시장,민주당,1,능포동,3749,2105,56.15%
2025,거제시장,국민의힘,2,능포동,3749,1419,37.85%
2025,거제시장,무소속,3,능포동,3749,180,4.80%
2025,거제시장,무소속,4,능포동,3749,26,0.69%
2025,거제시장,민주당,1,아주동,7929,5730,72.27%
2025,거제시장,국민의힘,2,아주동,7929,1803,22.74%
2025,거제시장,무소속,3,아주동,7929,311,3.92%
2025,거제시장,무소속,4,아주동,7929,43,0.54%
2025,거제시장,민주당,1,옥포1동,3061,1817,59.36%
2025,거제시장,국민의힘,2,옥포1동,3061,1126,36.79%
2025,거제시장,무소속,3,옥포1동,3061,78,2.55%
2025,거제시장,무소속,4,옥포1동,3061,24,0.78%
2025,거제시장,민주당,1,옥포2동,8738,5248,60.06%
2025,거제시장,국민의힘,2,옥포2동,8738,3148,36.03%
2025,거제시장,무소속,3,옥포2동,8738,195,2.23%
2025,거제시장,무소속,4,옥포2동,8738,106,1.21%
2025,거제시장,민주당,1,장평동,7548,4446,58.90%
2025,거제시장,국민의힘,2,장평동,7548,2692,35.67%
2025,거제시장,무소속,3,장평동,7548,334,4.43%
2025,거제시장,무소속,4,장평동,7548,40,0.53%
2025,거제시장,민주당,1,고현동,13404,7095,52.93%
2025,거제시장,국민의힘,2,고현동,13404,5412,40.38%
2025,거제시장,무소속,3,고현동,13404,765,5.71%
2025,거제시장,무소속,4,고현동,13404,69,0.51%
2025,거제시장,민주당,1,상문동,11196,7079,63.23%
2025,거제시장,국민의힘,2,상문동,11196,3184,28.44%
2025,거제시장,무소속,3,상문동,11196,834,7.45%
2025,거제시장,무소속,4,상문동,11196,56,0.50%
2025,거제시장,민주당,1,수양동,8563,5343,62.40%
2025,거제시장,국민의힘,2,수양동,8563,2727,31.85%
2025,거제시장,무소속,3,수양동,8563,427,4.99%
2025,거제시장,무소속,4,수양동,8563,33,0.39%
